<?xml version="1.0" encoding="utf-8" ?>

<mitkRigidRegistrationPresets FILE_VERSION="0.1" >

<preset NAME="Affine3D_MattesMutualInf_LinearInterp" >
   <transform TRANSFORM="3" USESCALES="1" SCALE1="1" SCALE2="1" SCALE3="1" SCALE4="1" SCALE5="1" SCALE6="1" SCALE7="1" SCALE8="1" SCALE9="1" SCALE10="0.0001" SCALE11="0.0001" SCALE12="0.0001" USEINITIALIZER="0" USEMOMENTS="0" />
   <metric METRIC="8" COMPUTEGRADIENT="1" USESAMPLING="1" SPATIALSAMPLES="50000" HISTOGRAMBINS="32" />
   <optimizer OPTIMIZER="7" MAXIMIZE="0" GRADIENTMAGNITUDETOLERANCE="0.0001" MINSTEPLENGTH="0.01" MAXSTEPLENGTH="4" RELAXATIONFACTOR="0.65" NUMBERITERATIONS="100" />
   <interpolator INTERPOLATOR="0" />
</preset>

<preset NAME="Affine3D_NormCorr_LinearInterp" >
   <transform TRANSFORM="3" USESCALES="1" SCALE1="1" SCALE2="1" SCALE3="1" SCALE4="1" SCALE5="1" SCALE6="1" SCALE7="1" SCALE8="1" SCALE9="1" SCALE10="0.0001" SCALE11="0.0001" SCALE12="0.0001" USEINITIALIZER="0" USEMOMENTS="0" />
   <metric METRIC="1" COMPUTEGRADIENT="1" USESAMPLING="1" SPATIALSAMPLES="50000" HISTOGRAMBINS="32" />
   <optimizer OPTIMIZER="7" MAXIMIZE="0" GRADIENTMAGNITUDETOLERANCE="0.0001" MINSTEPLENGTH="0.01" MAXSTEPLENGTH="4" RELAXATIONFACTOR="0.65" NUMBERITERATIONS="100" />
   <interpolator INTERPOLATOR="0" />
</preset>

<preset NAME="Affine3D_MattesMutualInf_LinearInterp_MomentsInit" >
   <transform TRANSFORM="3" USESCALES="1" SCALE1="10" SCALE2="10" SCALE3="10" SCALE4="10" SCALE5="10" SCALE6="10" SCALE7="10" SCALE8="10" SCALE9="10" SCALE10="0.0001" SCALE11="0.0001" SCALE12="0.0001" USEINITIALIZER="1" USEMOMENTS="1" />
   <metric METRIC="8" COMPUTEGRADIENT="1" USESAMPLING="1" SPATIALSAMPLES="90000" HISTOGRAMBINS="32" />
   <optimizer OPTIMIZER="7" MAXIMIZE="0" GRADIENTMAGNITUDETOLERANCE="0.0001" MINSTEPLENGTH="0.01" MAXSTEPLENGTH="4" RELAXATIONFACTOR="0.65" NUMBERITERATIONS="100" />
   <interpolator INTERPOLATOR="0" />
</preset>

<preset NAME="Rigid3D_EulerAngle_LinearInterp" >
   <transform TRANSFORM="5" USESCALES="1" SCALE1="10" SCALE2="10" SCALE3="10" SCALE4="0.0001" SCALE5="0.0001" SCALE6="0.0001" USEINITIALIZER="0" USEMOMENTS="0" />
   <metric METRIC="8" COMPUTEGRADIENT="1" USESAMPLING="1" SPATIALSAMPLES="90000" HISTOGRAMBINS="32" />
   <optimizer OPTIMIZER="7" MAXIMIZE="0" GRADIENTMAGNITUDETOLERANCE="0.00001" MINSTEPLENGTH="0.001" MAXSTEPLENGTH="4" RELAXATIONFACTOR="0.6" NUMBERITERATIONS="100" />
   <interpolator INTERPOLATOR="0" />
</preset>

<preset NAME="Translation_MeanSquares_LinearInterp" >
   <transform TRANSFORM="0" USESCALES="0" SCALE1="1" SCALE2="1" SCALE3="1" />
   <metric METRIC="0" COMPUTEGRADIENT="1" />
   <optimizer OPTIMIZER="7" MAXIMIZE="0" GRADIENTMAGNITUDETOLERANCE="0.0001" MINSTEPLENGTH="0.01" MAXSTEPLENGTH="4" RELAXATIONFACTOR="0.5" NUMBERITERATIONS="100" />
   <interpolator INTERPOLATOR="0" />
</preset>

<preset NAME="Translation_MattesMutualInf_LinearInterp" >
   <transform TRANSFORM="0" USESCALES="0" SCALE1="1" SCALE2="1" SCALE3="1" />
   <metric METRIC="8" COMPUTEGRADIENT="1" USESAMPLING="1" SPATIALSAMPLES="10000" HISTOGRAMBINS="24" />
   <optimizer OPTIMIZER="7" MAXIMIZE="0" GRADIENTMAGNITUDETOLERANCE="0.001" MINSTEPLENGTH="0.01" MAXSTEPLENGTH="4" RELAXATIONFACTOR="0.7" NUMBERITERATIONS="100" />
   <interpolator INTERPOLATOR="0" />
</preset>

<preset NAME="Rigid3DVersor_NormCorr_LinearInterp" >
   <transform TRANSFORM="9" USESCALES="1" SCALE1="1" SCALE2="1" SCALE3="1" SCALE4="0.001" SCALE5="0.001" SCALE6="0.001" USEINITIALIZER="1" USEMOMENTS="1" />
   <metric METRIC="1" COMPUTEGRADIENT="1" />
   <optimizer OPTIMIZER="13" MAXIMIZE="1" GRADIENTMAGNITUDETOLERANCE="0.0001" MINSTEPLENGTH="0.0001" MAXSTEPLENGTH="0.2" NUMBERITERATIONS="50" />
   <interpolator INTERPOLATOR="0" />
</preset>

</mitkRigidRegistrationPresets>
