<?xml version="1.0" encoding="utf-8" ?>
<mitkRigidRegistrationPresets FILE_VERSION="0.1" >
   <preset NAME="ITK Image Registration 1" >
      <transform TRANSFORM="0" USESCALES="0" SCALE1="1" SCALE2="1" SCALE3="1" />
      <metric METRIC="0" COMPUTEGRADIENT="1" />
      <optimizer OPTIMIZER="7" MAXIMIZE="0" GRADIENTMAGNITUDETOLERANCE="0.0001" MINSTEPLENGTH="0.01" MAXSTEPLENGTH="4" RELAXATIONFACTOR="0.5" NUMBERITERATIONS="200" />
      <interpolator INTERPOLATOR="0" />
   </preset>
   <preset NAME="ITK Image Registration 2" >
      <transform TRANSFORM="0" USESCALES="0" SCALE1="1" SCALE2="1" SCALE3="1" />
      <metric METRIC="10" COMPUTEGRADIENT="1" SPATIALSAMPLES="1" FIXEDSTANDARDDEVIATION="0.4" MOVINGSTANDARDDEVIATION="0.4" USENORMALIZERANDSMOOTHER="1" FIXEDSMOOTHERVARIANCE="2" MOVINGSMOOTHERVARIANCE="2" />
      <optimizer OPTIMIZER="1" MAXIMIZE="1" LEARNINGRATE="15" NUMBERITERATIONS="200" />
      <interpolator INTERPOLATOR="0" />
   </preset>
   <preset NAME="ITK Image Registration 4" >
      <transform TRANSFORM="0" USESCALES="0" SCALE1="1" SCALE2="1" SCALE3="1" />
      <metric METRIC="8" COMPUTEGRADIENT="1" USESAMPLING="1" SPATIALSAMPLES="10000" HISTOGRAMBINS="24" />
      <optimizer OPTIMIZER="7" MAXIMIZE="0" GRADIENTMAGNITUDETOLERANCE="0.0001" MINSTEPLENGTH="0.001" MAXSTEPLENGTH="2" RELAXATIONFACTOR="0.8" NUMBERITERATIONS="100" />
      <interpolator INTERPOLATOR="0" />
   </preset>
   <preset NAME="ITK Image Registration 5" >
      <transform TRANSFORM="14" USESCALES="1" SCALE1="1" SCALE2="0.001" SCALE3="0.001" SCALE4="0.001" SCALE5="0.001" ANGLE="0" USEINITIALIZER="1" USEMOMENTS="0" />
      <metric METRIC="0" COMPUTEGRADIENT="1" />
      <optimizer OPTIMIZER="7" MAXIMIZE="0" GRADIENTMAGNITUDETOLERANCE="0.0001" MINSTEPLENGTH="0.001" MAXSTEPLENGTH="0.1" RELAXATIONFACTOR="0.6" NUMBERITERATIONS="200" />
      <interpolator INTERPOLATOR="0" />
   </preset>
   <preset NAME="ITK Image Registration 6" >
      <transform TRANSFORM="14" USESCALES="1" SCALE1="1" SCALE2="0.001" SCALE3="0.001" SCALE4="0.001" SCALE5="0.001" ANGLE="0" USEINITIALIZER="1" USEMOMENTS="1" />
      <metric METRIC="0" COMPUTEGRADIENT="1" />
      <optimizer OPTIMIZER="7" MAXIMIZE="1" GRADIENTMAGNITUDETOLERANCE="0.0001" MINSTEPLENGTH="0.001" MAXSTEPLENGTH="0.1" RELAXATIONFACTOR="0.5" NUMBERITERATIONS="200" />
      <interpolator INTERPOLATOR="0" />
   </preset>
   <preset NAME="ITK Image Registration 7" >
      <transform TRANSFORM="17" USESCALES="1" SCALE1="10" SCALE2="1" SCALE3="0.01" SCALE4="0.01" SCALE5="0.01" SCALE6="0.01" SCALE="1" ANGLE="0" USEINITIALIZER="1" USEMOMENTS="1" />
      <metric METRIC="1" COMPUTEGRADIENT="1" />
      <optimizer OPTIMIZER="7" MAXIMIZE="0" GRADIENTMAGNITUDETOLERANCE="0.0001" MINSTEPLENGTH="0.001" MAXSTEPLENGTH="1" RELAXATIONFACTOR="0.6" NUMBERITERATIONS="500" />
      <interpolator INTERPOLATOR="0" />
   </preset>
   <preset NAME="ITK Image Registration 8" >
      <transform TRANSFORM="10" USESCALES="1" SCALE1="1" SCALE2="1" SCALE3="1" SCALE4="0.001" SCALE5="0.001" SCALE6="0.001" USEINITIALIZER="1" USEMOMENTS="1" />
      <metric METRIC="1" COMPUTEGRADIENT="1" />
      <optimizer OPTIMIZER="13" MAXIMIZE="1" GRADIENTMAGNITUDETOLERANCE="0.0001" MINSTEPLENGTH="0.0001" MAXSTEPLENGTH="0.2" NUMBERITERATIONS="200" />
      <interpolator INTERPOLATOR="0" />
   </preset>
   <preset NAME="ITK Image Registration 9" >
      <transform TRANSFORM="3" USESCALES="1" SCALE1="1" SCALE2="1" SCALE3="1" SCALE4="1" SCALE5="1" SCALE6="1" SCALE7="1" SCALE8="1" SCALE9="1" SCALE10="1" SCALE11="1" SCALE12="0" USEINITIALIZER="1" USEMOMENTS="1" />
      <metric METRIC="1" COMPUTEGRADIENT="1" />
      <optimizer OPTIMIZER="7" MAXIMIZE="1" GRADIENTMAGNITUDETOLERANCE="0.0001" MINSTEPLENGTH="0.0001" MAXSTEPLENGTH="0.1" RELAXATIONFACTOR="0.5" NUMBERITERATIONS="300" />
      <interpolator INTERPOLATOR="0" />
   </preset>
  <preset NAME="ITK Image Registration 11" >
    <transform TRANSFORM="0" USESCALES="0" SCALE1="1" SCALE2="1" SCALE3="1" />
    <metric METRIC="8" COMPUTEGRADIENT="0" USESAMPLING="1" SPATIALSAMPLES="10000" HISTOGRAMBINS="20" />
    <optimizer OPTIMIZER="4" MAXIMIZE="0" SHRINKFACTOR="0.987877" GROWTHFACTOR="1.05" EPSILON="0" INITIALRADIUS="2" NUMBERITERATIONS="500" />
    <interpolator INTERPOLATOR="0" />
  </preset>
  <preset NAME="ITK Image Registration 12" >
    <transform TRANSFORM="14" USESCALES="1" SCALE1="1" SCALE2="0.001" SCALE3="0.001" SCALE4="0.001" SCALE5="0.001" ANGLE="0" USEINITIALIZER="1" USEMOMENTS="1" />
    <metric METRIC="0" COMPUTEGRADIENT="1" />
    <optimizer OPTIMIZER="7" MAXIMIZE="0" GRADIENTMAGNITUDETOLERANCE="0.0001" MINSTEPLENGTH="0.001" MAXSTEPLENGTH="0.1" RELAXATIONFACTOR="0.5" NUMBERITERATIONS="200" />
    <interpolator INTERPOLATOR="0" />
  </preset>
  <preset NAME="ITK Image Registration 13" >
    <transform TRANSFORM="14" USESCALES="1" SCALE1="1" SCALE2="1000" SCALE3="1000" SCALE4="0.0078125" SCALE5="0.0078125" ANGLE="0" USEINITIALIZER="1" USEMOMENTS="0" />
    <metric METRIC="8" COMPUTEGRADIENT="1" USESAMPLING="1" SPATIALSAMPLES="10000" HISTOGRAMBINS="20" />
    <optimizer OPTIMIZER="7" MAXIMIZE="0" GRADIENTMAGNITUDETOLERANCE="0.0001" MINSTEPLENGTH="0.0001" MAXSTEPLENGTH="0.5" RELAXATIONFACTOR="0.5" NUMBERITERATIONS="400" />
    <interpolator INTERPOLATOR="0" />
  </preset>
  <preset NAME="ITK Image Registration 14" >
    <transform TRANSFORM="14" USESCALES="1" SCALE1="10" SCALE2="10000" SCALE3="10000" SCALE4="0.05" SCALE5="0.05" ANGLE="0" USEINITIALIZER="1" USEMOMENTS="0" />
    <metric METRIC="7" COMPUTEGRADIENT="0" HISTOGRAMBINS="32" />
    <optimizer OPTIMIZER="4" MAXIMIZE="1" SHRINKFACTOR="0.987877" GROWTHFACTOR="1.05" EPSILON="1" INITIALRADIUS="1" NUMBERITERATIONS="1000" />
    <interpolator INTERPOLATOR="0" />
  </preset>
  <preset NAME="ITK Image Registration 15" >
    <transform TRANSFORM="0" USESCALES="1" SCALE1="0.05" SCALE2="0.05" SCALE3="1" />
    <metric METRIC="7" COMPUTEGRADIENT="0" HISTOGRAMBINS="32" />
    <optimizer OPTIMIZER="4" MAXIMIZE="1" SHRINKFACTOR="0.987877" GROWTHFACTOR="1.05" EPSILON="0" INITIALRADIUS="1" NUMBERITERATIONS="1000" />
    <interpolator INTERPOLATOR="0" />
  </preset>
  <preset NAME="ITK Image Registration 16" >
    <transform TRANSFORM="0" USESCALES="0" SCALE1="1" SCALE2="1" SCALE3="1" />
    <metric METRIC="8" COMPUTEGRADIENT="0" USESAMPLING="1" SPATIALSAMPLES="10000" HISTOGRAMBINS="20" />
    <optimizer OPTIMIZER="9" MAXIMIZE="0" SIMPLEXDELTA1="5" SIMPLEXDELTA2="5" SIMPLEXDELTA3="5" SIMPLEXDELTA4="5" SIMPLEXDELTA5="5" SIMPLEXDELTA6="5" SIMPLEXDELTA7="5" SIMPLEXDELTA8="5" SIMPLEXDELTA9="5" SIMPLEXDELTA10="5" SIMPLEXDELTA11="5" SIMPLEXDELTA12="5" SIMPLEXDELTA13="5" SIMPLEXDELTA14="5" SIMPLEXDELTA15="5" SIMPLEXDELTA16="5" PARAMETERSCONVERGENCETOLERANCE="0.1" FUNCTIONCONVERGENCETOLERANCE="0.001" NUMBERITERATIONS="200" />
    <interpolator INTERPOLATOR="0" />
  </preset>
  <preset NAME="ITK Image Registration 17" >
    <transform TRANSFORM="0" USESCALES="0" SCALE1="1" SCALE2="1" SCALE3="1" />
    <metric METRIC="6" COMPUTEGRADIENT="0" HISTOGRAMBINS="256" />
    <optimizer OPTIMIZER="9" MAXIMIZE="1" SIMPLEXDELTA1="5" SIMPLEXDELTA2="5" SIMPLEXDELTA3="5" SIMPLEXDELTA4="5" SIMPLEXDELTA5="5" SIMPLEXDELTA6="5" SIMPLEXDELTA7="5" SIMPLEXDELTA8="5" SIMPLEXDELTA9="5" SIMPLEXDELTA10="5" SIMPLEXDELTA11="5" SIMPLEXDELTA12="5" SIMPLEXDELTA13="5" SIMPLEXDELTA14="5" SIMPLEXDELTA15="5" SIMPLEXDELTA16="5" PARAMETERSCONVERGENCETOLERANCE="0.1" FUNCTIONCONVERGENCETOLERANCE="0.001" NUMBERITERATIONS="200" />
    <interpolator INTERPOLATOR="0" />
  </preset>
  <preset NAME="LBFGS" >
      <transform TRANSFORM="3" USESCALES="1" SCALE1="10" SCALE2="10" SCALE3="10" SCALE4="10" SCALE5="10" SCALE6="10" SCALE7="10" SCALE8="10" SCALE9="10" SCALE10="0.1" SCALE11="0.1" SCALE12="0.1" USEINITIALIZER="0" USEMOMENTS="0" />
      <metric METRIC="8" COMPUTEGRADIENT="1" USESAMPLING="1" SPATIALSAMPLES="30000" HISTOGRAMBINS="32" />
      <optimizer OPTIMIZER="11" MAXIMIZE="0" GRADIENTCONVERGENCETOLERANCE="0.001" LINESEARCHACCURACY="0.1" DEFAULTSTEPLENGTH="1" NUMBERITERATIONS="1000" USETRACE="1" />
      <interpolator INTERPOLATOR="0" />
   </preset>
   <preset NAME="MMI_LBSFGSB" >
      <transform TRANSFORM="3" USESCALES="1" SCALE1="1" SCALE2="1" SCALE3="1" SCALE4="1" SCALE5="1" SCALE6="1" SCALE7="1" SCALE8="1" SCALE9="1" SCALE10="0.001" SCALE11="0.001" SCALE12="0.001" USEINITIALIZER="0" USEMOMENTS="0" />
      <metric METRIC="8" COMPUTEGRADIENT="1" USESAMPLING="1" SPATIALSAMPLES="30000" HISTOGRAMBINS="32" />
      <optimizer OPTIMIZER="3" MAXIMIZE="0" />
      <interpolator INTERPOLATOR="1" />
   </preset>
   <preset NAME="MMI_LBSFGSB2" >
      <transform TRANSFORM="3" USESCALES="1" SCALE1="1" SCALE2="1" SCALE3="1" SCALE4="1" SCALE5="1" SCALE6="1" SCALE7="1" SCALE8="1" SCALE9="1" SCALE10="0.001" SCALE11="0.001" SCALE12="0.001" USEINITIALIZER="0" USEMOMENTS="0" />
      <metric METRIC="8" COMPUTEGRADIENT="1" USESAMPLING="1" SPATIALSAMPLES="180000" HISTOGRAMBINS="32" />
      <optimizer OPTIMIZER="3" MAXIMIZE="0" />
      <interpolator INTERPOLATOR="1" />
   </preset>
   <preset NAME="MMI_LBSFGSB3" >
      <transform TRANSFORM="3" USESCALES="1" SCALE1="1" SCALE2="1" SCALE3="1" SCALE4="1" SCALE5="1" SCALE6="1" SCALE7="1" SCALE8="1" SCALE9="1" SCALE10="0.001" SCALE11="0.001" SCALE12="0.001" USEINITIALIZER="0" USEMOMENTS="0" />
      <metric METRIC="8" COMPUTEGRADIENT="1" USESAMPLING="1" SPATIALSAMPLES="1.4e+006" HISTOGRAMBINS="32" />
      <optimizer OPTIMIZER="3" MAXIMIZE="0" />
      <interpolator INTERPOLATOR="1" />
   </preset>
   <preset NAME="PYRA" >
      <transform TRANSFORM="3" USESCALES="1" SCALE1="0.5" SCALE2="0.5" SCALE3="0.5" SCALE4="0.5" SCALE5="0.5" SCALE6="0.5" SCALE7="0.5" SCALE8="0.5" SCALE9="0.5" SCALE10="0.1" SCALE11="0.1" SCALE12="0.1" USEINITIALIZER="0" USEMOMENTS="0" />
      <metric METRIC="6" COMPUTEGRADIENT="1" HISTOGRAMBINS="24" />
      <optimizer OPTIMIZER="1" MAXIMIZE="1" LEARNINGRATE="0.04" NUMBERITERATIONS="25" />
      <interpolator INTERPOLATOR="0" />
   </preset>
   <preset NAME="PYRA2" >
      <transform TRANSFORM="3" USESCALES="1" SCALE1="0.5" SCALE2="0.5" SCALE3="0.5" SCALE4="0.5" SCALE5="0.5" SCALE6="0.5" SCALE7="0.5" SCALE8="0.5" SCALE9="0.5" SCALE10="0.1" SCALE11="0.1" SCALE12="0.1" USEINITIALIZER="0" USEMOMENTS="0" />
      <metric METRIC="6" COMPUTEGRADIENT="1" HISTOGRAMBINS="24" />
      <optimizer OPTIMIZER="1" MAXIMIZE="1" LEARNINGRATE="0.03" NUMBERITERATIONS="20" />
      <interpolator INTERPOLATOR="0" />
   </preset>
   <preset NAME="PYRA3" >
      <transform TRANSFORM="3" USESCALES="1" SCALE1="0.5" SCALE2="0.5" SCALE3="0.5" SCALE4="0.5" SCALE5="0.5" SCALE6="0.5" SCALE7="0.5" SCALE8="0.5" SCALE9="0.5" SCALE10="0.1" SCALE11="0.1" SCALE12="0.1" USEINITIALIZER="0" USEMOMENTS="0" />
      <metric METRIC="6" COMPUTEGRADIENT="1" HISTOGRAMBINS="24" />
      <optimizer OPTIMIZER="1" MAXIMIZE="1" LEARNINGRATE="0.02" NUMBERITERATIONS="5" />
      <interpolator INTERPOLATOR="0" />
   </preset>
   <preset NAME="PYRASSD" >
      <transform TRANSFORM="3" USESCALES="1" SCALE1="0.5" SCALE2="0.5" SCALE3="0.5" SCALE4="0.5" SCALE5="0.5" SCALE6="0.5" SCALE7="0.5" SCALE8="0.5" SCALE9="0.5" SCALE10="0.1" SCALE11="0.1" SCALE12="0.1" USEINITIALIZER="0" USEMOMENTS="0" />
      <metric METRIC="0" COMPUTEGRADIENT="1" />
      <optimizer OPTIMIZER="1" MAXIMIZE="0" LEARNINGRATE="0.03" NUMBERITERATIONS="5" />
      <interpolator INTERPOLATOR="0" />
   </preset>
   <preset NAME="PYRASSD2" >
      <transform TRANSFORM="3" USESCALES="1" SCALE1="0.5" SCALE2="0.5" SCALE3="0.5" SCALE4="0.5" SCALE5="0.5" SCALE6="0.5" SCALE7="0.5" SCALE8="0.5" SCALE9="0.5" SCALE10="0.1" SCALE11="0.1" SCALE12="0.1" USEINITIALIZER="0" USEMOMENTS="0" />
      <metric METRIC="0" COMPUTEGRADIENT="1" />
      <optimizer OPTIMIZER="1" MAXIMIZE="0" LEARNINGRATE="0.02" NUMBERITERATIONS="10" />
      <interpolator INTERPOLATOR="0" />
   </preset>
   <preset NAME="PYRASSD3" >
      <transform TRANSFORM="3" USESCALES="1" SCALE1="0.5" SCALE2="0.5" SCALE3="0.5" SCALE4="0.5" SCALE5="0.5" SCALE6="0.5" SCALE7="0.5" SCALE8="0.5" SCALE9="0.5" SCALE10="0.1" SCALE11="0.1" SCALE12="0.1" USEINITIALIZER="0" USEMOMENTS="0" />
      <metric METRIC="0" COMPUTEGRADIENT="1" />
      <optimizer OPTIMIZER="1" MAXIMIZE="0" LEARNINGRATE="0.01" NUMBERITERATIONS="10" />
      <interpolator INTERPOLATOR="0" />
   </preset>
   <preset NAME="RegStepGradDescSSD" >
      <transform TRANSFORM="3" USESCALES="1" SCALE1="1" SCALE2="1" SCALE3="1" SCALE4="1" SCALE5="1" SCALE6="1" SCALE7="1" SCALE8="1" SCALE9="1" SCALE10="0.001" SCALE11="0.001" SCALE12="0.001" USEINITIALIZER="0" USEMOMENTS="0" />
      <metric METRIC="1" COMPUTEGRADIENT="1" />
      <optimizer OPTIMIZER="7" MAXIMIZE="0" GRADIENTMAGNITUDETOLERANCE="0.0001" MINSTEPLENGTH="0.0001" MAXSTEPLENGTH="0.1" RELAXATIONFACTOR="0.3" NUMBERITERATIONS="50" />
      <interpolator INTERPOLATOR="0" />
   </preset>
   <preset NAME="RegStepGradDescSSD2" >
      <transform TRANSFORM="3" USESCALES="1" SCALE1="1" SCALE2="1" SCALE3="1" SCALE4="1" SCALE5="1" SCALE6="1" SCALE7="1" SCALE8="1" SCALE9="1" SCALE10="0.005" SCALE11="0.005" SCALE12="0.005" USEINITIALIZER="0" USEMOMENTS="0" />
      <metric METRIC="1" COMPUTEGRADIENT="1" />
      <optimizer OPTIMIZER="7" MAXIMIZE="0" GRADIENTMAGNITUDETOLERANCE="0.0001" MINSTEPLENGTH="0.0001" MAXSTEPLENGTH="0.05" RELAXATIONFACTOR="0.5" NUMBERITERATIONS="20" />
      <interpolator INTERPOLATOR="0" />
   </preset>
   <preset NAME="RegStepGradDescSSD2a" >
      <transform TRANSFORM="3" USESCALES="1" SCALE1="1" SCALE2="1" SCALE3="1" SCALE4="1" SCALE5="1" SCALE6="1" SCALE7="1" SCALE8="1" SCALE9="1" SCALE10="0.001" SCALE11="0.001" SCALE12="0.001" USEINITIALIZER="0" USEMOMENTS="0" />
      <metric METRIC="0" COMPUTEGRADIENT="1" />
      <optimizer OPTIMIZER="7" MAXIMIZE="0" GRADIENTMAGNITUDETOLERANCE="0.0001" MINSTEPLENGTH="0.001" MAXSTEPLENGTH="0.05" RELAXATIONFACTOR="0.5" NUMBERITERATIONS="20" />
      <interpolator INTERPOLATOR="0" />
   </preset>
   <preset NAME="RegStepGradDescSSD3" >
      <transform TRANSFORM="3" USESCALES="1" SCALE1="1" SCALE2="1" SCALE3="1" SCALE4="1" SCALE5="1" SCALE6="1" SCALE7="1" SCALE8="1" SCALE9="1" SCALE10="0.005" SCALE11="0.005" SCALE12="0.005" USEINITIALIZER="0" USEMOMENTS="0" />
      <metric METRIC="1" COMPUTEGRADIENT="1" />
      <optimizer OPTIMIZER="7" MAXIMIZE="0" GRADIENTMAGNITUDETOLERANCE="0.0001" MINSTEPLENGTH="0.0001" MAXSTEPLENGTH="0.01" RELAXATIONFACTOR="0.5" NUMBERITERATIONS="10" />
      <interpolator INTERPOLATOR="0" />
   </preset>
   <preset NAME="RegStepGradDescSSD3a" >
      <transform TRANSFORM="3" USESCALES="1" SCALE1="1" SCALE2="1" SCALE3="1" SCALE4="1" SCALE5="1" SCALE6="1" SCALE7="1" SCALE8="1" SCALE9="1" SCALE10="0.001" SCALE11="0.001" SCALE12="0.001" USEINITIALIZER="0" USEMOMENTS="0" />
      <metric METRIC="0" COMPUTEGRADIENT="1" />
      <optimizer OPTIMIZER="7" MAXIMIZE="0" GRADIENTMAGNITUDETOLERANCE="0.0001" MINSTEPLENGTH="0.001" MAXSTEPLENGTH="0.01" RELAXATIONFACTOR="0.5" NUMBERITERATIONS="10" />
      <interpolator INTERPOLATOR="0" />
   </preset>
   <preset NAME="RegStepGradDescSSDa" >
      <transform TRANSFORM="3" USESCALES="1" SCALE1="1" SCALE2="1" SCALE3="1" SCALE4="1" SCALE5="1" SCALE6="1" SCALE7="1" SCALE8="1" SCALE9="1" SCALE10="0.001" SCALE11="0.001" SCALE12="0.001" USEINITIALIZER="0" USEMOMENTS="0" />
      <metric METRIC="0" COMPUTEGRADIENT="1" />
      <optimizer OPTIMIZER="7" MAXIMIZE="0" GRADIENTMAGNITUDETOLERANCE="1e-006" MINSTEPLENGTH="0.001" MAXSTEPLENGTH="0.05" RELAXATIONFACTOR="0.5" NUMBERITERATIONS="50" />
      <interpolator INTERPOLATOR="0" />
   </preset>
   <preset NAME="TestSettings1" >
      <transform TRANSFORM="3" USESCALES="1" SCALE1="1" SCALE2="1" SCALE3="1" SCALE4="1" SCALE5="1" SCALE6="1" SCALE7="1" SCALE8="1" SCALE9="1" SCALE10="0.0001" SCALE11="0.0001" SCALE12="0.0001" USEINITIALIZER="0" USEMOMENTS="0" />
      <metric METRIC="8" COMPUTEGRADIENT="1" USESAMPLING="1" SPATIALSAMPLES="3000" HISTOGRAMBINS="32" />
      <optimizer OPTIMIZER="1" MAXIMIZE="0" LEARNINGRATE="0.1" NUMBERITERATIONS="25" />
      <interpolator INTERPOLATOR="1" />
   </preset>
   <preset NAME="TestSettings2" >
      <transform TRANSFORM="3" USESCALES="1" SCALE1="1" SCALE2="1" SCALE3="1" SCALE4="1" SCALE5="1" SCALE6="1" SCALE7="1" SCALE8="1" SCALE9="1" SCALE10="0.001" SCALE11="0.001" SCALE12="0.001" USEINITIALIZER="0" USEMOMENTS="0" />
      <metric METRIC="8" COMPUTEGRADIENT="1" USESAMPLING="1" SPATIALSAMPLES="12000" HISTOGRAMBINS="32" />
      <optimizer OPTIMIZER="1" MAXIMIZE="0" LEARNINGRATE="0.05" NUMBERITERATIONS="100" />
      <interpolator INTERPOLATOR="1" />
   </preset>
   <preset NAME="TestSettings3" >
      <transform TRANSFORM="3" USESCALES="1" SCALE1="1" SCALE2="1" SCALE3="1" SCALE4="1" SCALE5="1" SCALE6="1" SCALE7="1" SCALE8="1" SCALE9="1" SCALE10="0.001" SCALE11="0.001" SCALE12="0.001" USEINITIALIZER="0" USEMOMENTS="0" />
      <metric METRIC="8" COMPUTEGRADIENT="1" USESAMPLING="1" SPATIALSAMPLES="90000" HISTOGRAMBINS="32" />
      <optimizer OPTIMIZER="1" MAXIMIZE="0" LEARNINGRATE="0.02" NUMBERITERATIONS="100" />
      <interpolator INTERPOLATOR="1" />
   </preset>
   <preset NAME="TestSettings4" >
     <transform TRANSFORM="3" USESCALES="1" SCALE1="1" SCALE2="1" SCALE3="1" SCALE4="1" SCALE5="1" SCALE6="1" SCALE7="1" SCALE8="1" SCALE9="1" SCALE10="0.00001" SCALE11="0.00001" SCALE12="0.00001" USEINITIALIZER="0" USEMOMENTS="0" />
     <metric METRIC="8" COMPUTEGRADIENT="1" USESAMPLING="1" SPATIALSAMPLES="3000" HISTOGRAMBINS="32" />
     <optimizer OPTIMIZER="7" MAXIMIZE="0" GRADIENTMAGNITUDETOLERANCE="0.0001" MINSTEPLENGTH="0.5" MAXSTEPLENGTH="5.0" RELAXATIONFACTOR="0.9" NUMBERITERATIONS="50" />
     <interpolator INTERPOLATOR="1" />
   </preset>
  <preset NAME="TestSettings5" >
    <transform TRANSFORM="3" USESCALES="1" SCALE1="1" SCALE2="1" SCALE3="1" SCALE4="1" SCALE5="1" SCALE6="1" SCALE7="1" SCALE8="1" SCALE9="1" SCALE10="0.001" SCALE11="0.001" SCALE12="0.001" USEINITIALIZER="0" USEMOMENTS="0" />
    <metric METRIC="8" COMPUTEGRADIENT="1" USESAMPLING="1" SPATIALSAMPLES="30000" HISTOGRAMBINS="32" />
    <optimizer OPTIMIZER="7" MAXIMIZE="0" GRADIENTMAGNITUDETOLERANCE="0.0001" MINSTEPLENGTH="0.01" MAXSTEPLENGTH="0.1" RELAXATIONFACTOR="0.9" NUMBERITERATIONS="100" />
    <interpolator INTERPOLATOR="1" />
  </preset>
  <preset NAME="TestSettings6" >
    <transform TRANSFORM="3" USESCALES="1" SCALE1="1" SCALE2="1" SCALE3="1" SCALE4="1" SCALE5="1" SCALE6="1" SCALE7="1" SCALE8="1" SCALE9="1" SCALE10="0.001" SCALE11="0.001" SCALE12="0.001" USEINITIALIZER="0" USEMOMENTS="0" />
    <metric METRIC="8" COMPUTEGRADIENT="1" USESAMPLING="1" SPATIALSAMPLES="90000" HISTOGRAMBINS="32" />
    <optimizer OPTIMIZER="7" MAXIMIZE="0" GRADIENTMAGNITUDETOLERANCE="0.0001" MINSTEPLENGTH="0.001" MAXSTEPLENGTH="0.1" RELAXATIONFACTOR="0.9" NUMBERITERATIONS="100" />
    <interpolator INTERPOLATOR="1" />
  </preset>
  <preset NAME="TestSettings7" >
    <transform TRANSFORM="3" USESCALES="1" SCALE1="1" SCALE2="1" SCALE3="1" SCALE4="1" SCALE5="1" SCALE6="1" SCALE7="1" SCALE8="1" SCALE9="1" SCALE10="0.0001" SCALE11="0.0001" SCALE12="0.0001" USEINITIALIZER="0" USEMOMENTS="0" />
    <metric METRIC="0" COMPUTEGRADIENT="1" />
    <optimizer OPTIMIZER="1" MAXIMIZE="0" LEARNINGRATE="0.00001" NUMBERITERATIONS="20" />
    <interpolator INTERPOLATOR="1" />
  </preset>
  <preset NAME="TestSettings8" >
    <transform TRANSFORM="3" USESCALES="1" SCALE1="1" SCALE2="1" SCALE3="1" SCALE4="1" SCALE5="1" SCALE6="1" SCALE7="1" SCALE8="1" SCALE9="1" SCALE10="0.001" SCALE11="0.001" SCALE12="0.001" USEINITIALIZER="0" USEMOMENTS="0" />
    <metric METRIC="0" COMPUTEGRADIENT="1" />
    <optimizer OPTIMIZER="1" MAXIMIZE="0" LEARNINGRATE="0.000005" NUMBERITERATIONS="50" />
    <interpolator INTERPOLATOR="1" />
  </preset>
  <preset NAME="TestSettings9" >
    <transform TRANSFORM="3" USESCALES="1" SCALE1="1" SCALE2="1" SCALE3="1" SCALE4="1" SCALE5="1" SCALE6="1" SCALE7="1" SCALE8="1" SCALE9="1" SCALE10="0.001" SCALE11="0.001" SCALE12="0.001" USEINITIALIZER="0" USEMOMENTS="0" />
    <metric METRIC="0" COMPUTEGRADIENT="1" />
    <optimizer OPTIMIZER="1" MAXIMIZE="0" LEARNINGRATE="0.000002" NUMBERITERATIONS="50" />
    <interpolator INTERPOLATOR="1" />
  </preset>
  <preset NAME="TestAffineMSRSGD1" >
    <transform TRANSFORM="3" USESCALES="1" SCALE1="1" SCALE2="1" SCALE3="1" SCALE4="1" SCALE5="1" SCALE6="1" SCALE7="1" SCALE8="1" SCALE9="1" SCALE10="0.00001" SCALE11="0.00001" SCALE12="0.00001" USEINITIALIZER="0" USEMOMENTS="0" />
    <metric METRIC="0" COMPUTEGRADIENT="1" />
    <optimizer OPTIMIZER="7" MAXIMIZE="0" GRADIENTMAGNITUDETOLERANCE="0.001" MINSTEPLENGTH="1.0" MAXSTEPLENGTH="3.0" RELAXATIONFACTOR="0.5" NUMBERITERATIONS="100" />
    <interpolator INTERPOLATOR="1" />
  </preset>
  <preset NAME="TestAffineMSRSGD2" >
    <transform TRANSFORM="3" USESCALES="1" SCALE1="1" SCALE2="1" SCALE3="1" SCALE4="1" SCALE5="1" SCALE6="1" SCALE7="1" SCALE8="1" SCALE9="1" SCALE10="0.0001" SCALE11="0.0001" SCALE12="0.0001" USEINITIALIZER="0" USEMOMENTS="0" />
    <metric METRIC="0" COMPUTEGRADIENT="1" />
    <optimizer OPTIMIZER="7" MAXIMIZE="0" GRADIENTMAGNITUDETOLERANCE="0.0001" MINSTEPLENGTH="0.01" MAXSTEPLENGTH="2.0" RELAXATIONFACTOR="0.9" NUMBERITERATIONS="100" />
    <interpolator INTERPOLATOR="1" />
  </preset>
  <preset NAME="TestAffineMSRSGD3" >
    <transform TRANSFORM="3" USESCALES="1" SCALE1="1" SCALE2="1" SCALE3="1" SCALE4="1" SCALE5="1" SCALE6="1" SCALE7="1" SCALE8="1" SCALE9="1" SCALE10="0.0001" SCALE11="0.0001" SCALE12="0.0001" USEINITIALIZER="0" USEMOMENTS="0" />
    <metric METRIC="0" COMPUTEGRADIENT="1" />
    <optimizer OPTIMIZER="7" MAXIMIZE="0" GRADIENTMAGNITUDETOLERANCE="0.0001" MINSTEPLENGTH="0.001" MAXSTEPLENGTH="1.0" RELAXATIONFACTOR="0.9" NUMBERITERATIONS="20" />
    <interpolator INTERPOLATOR="1" />
  </preset>
   <preset NAME="GradDescSSD1" >
     <transform TRANSFORM="3" USESCALES="1" SCALE1="1" SCALE2="1" SCALE3="1" SCALE4="1" SCALE5="1" SCALE6="1" SCALE7="1" SCALE8="1" SCALE9="1" SCALE10="0.001" SCALE11="0.0001" SCALE12="0.0001" USEINITIALIZER="0" USEMOMENTS="0" />
     <metric METRIC="0" COMPUTEGRADIENT="1" />
     <optimizer OPTIMIZER="1" MAXIMIZE="0" LEARNINGRATE="0.00001" NUMBERITERATIONS="100" />
     <interpolator INTERPOLATOR="1" />
   </preset>
   <preset NAME="GradDescSSD2" >
     <transform TRANSFORM="3" USESCALES="1" SCALE1="1" SCALE2="1" SCALE3="1" SCALE4="1" SCALE5="1" SCALE6="1" SCALE7="1" SCALE8="1" SCALE9="1" SCALE10="0.0001" SCALE11="0.0001" SCALE12="0.0001" USEINITIALIZER="0" USEMOMENTS="0" />
     <metric METRIC="0" COMPUTEGRADIENT="1" />
     <optimizer OPTIMIZER="1" MAXIMIZE="0" LEARNINGRATE="0.000005" NUMBERITERATIONS="50" />
     <interpolator INTERPOLATOR="1" />
   </preset>
   <preset NAME="GradDescSSD3" >
     <transform TRANSFORM="3" USESCALES="1" SCALE1="1" SCALE2="1" SCALE3="1" SCALE4="1" SCALE5="1" SCALE6="1" SCALE7="1" SCALE8="1" SCALE9="1" SCALE10="0.0001" SCALE11="0.0001" SCALE12="0.0001" USEINITIALIZER="0" USEMOMENTS="0" />
     <metric METRIC="0" COMPUTEGRADIENT="1" />
     <optimizer OPTIMIZER="1" MAXIMIZE="0" LEARNINGRATE="0.000005" NUMBERITERATIONS="25" />
     <interpolator INTERPOLATOR="1" />
   </preset>

</mitkRigidRegistrationPresets>
