<config>
  <!-- Zoom sensitivity -->
  <param name="zoomFactor" value="5"/>
  <!-- Zoom either by moving mouse leftright or updown -->
  <param name="zoomDirection" value="updown"/>
  <!-- scrolling either by moving mouse leftright or updown -->
  <param name="scrollDirection" value="updown"/>
  <!-- Sets how many pixel the mouse has to be moved for scrolling 1 slice-->
  <param name="pixelPerSlice" value="6"/>
  <!-- when scrolling restart at beginning of volume, when end is reached-->
  <param name="autoRepeat" value="true"/>
  <!-- react to an event, even tough is was already processed by a DataInteractor-->
  <param name="alwaysReact" value="false"/>
  <!-- Crosshair -->
  <event_variant class="MousePressEvent" name="SetCrosshair">
    <attribute name="EventButton" value="LeftMouseButton"/>
  </event_variant>
  <!-- Moving -->
   <event_variant class="MousePressEvent" name="StartMove">
    <attribute name="EventButton" value="MiddleMouseButton"/>
  </event_variant>
  <event_variant class="MouseReleaseEvent" name="EndMoving">
    <attribute name="EventButton" value="MiddleMouseButton"/>
  </event_variant>
  <event_variant class="MouseMoveEvent" name="Moving">
    <attribute name="ButtonState" value="MiddleMouseButton"/>
  </event_variant>
  <!-- Zooming -->
  <event_variant class="MousePressEvent" name="StartZoom">
    <attribute name="EventButton" value="RightMouseButton"/>
    <attribute name="Modifiers" value="ctrl"/>
  </event_variant>
   <event_variant class="MouseMoveEvent" name="Zooming">
    <attribute name="ButtonState" value="RightMouseButton"/>
    <attribute name="Modifiers" value="ctrl"/>
  </event_variant>
  <event_variant class="MouseReleaseEvent" name="EndZooming">
    <attribute name="EventButton" value="RightMouseButton"/>
    <attribute name="Modifiers" value="ctrl"/>
  </event_variant>
  <!-- scrolling -->
  <!--
  <event_variant class="MousePressEvent" name="StartScroll">
    <attribute name="EventButton" value="RightMouseButton"/>
  </event_variant>
  <event_variant class="MouseReleaseEvent" name="EndScrolling">
    <attribute name="EventButton" value="RightMouseButton"/>
  </event_variant>
  <event_variant class="MouseMoveEvent" name="Scrolling">
    <attribute name="ButtonState" value="RightMouseButton"/>
  </event_variant>
  -->
  <!-- PlaneUP and -Down are described twice, this means the transition
  can be triggered by both events -->
  <event_variant class="MouseWheelEvent" name="PlaneUP">
    <attribute name="ScrollDirection" value="up"/>
  </event_variant>
  <event_variant class="MouseWheelEvent" name="PlaneDown">
    <attribute name="ScrollDirection" value="down"/>
  </event_variant>
    <event_variant class="InteractionKeyEvent" name="PlaneUP">
    <attribute name="Key" value="ArrowUp"/>
  </event_variant>
  <event_variant class="InteractionKeyEvent" name="PlaneDown">
    <attribute name="Key" value="ArrowDown"/>
  </event_variant>
  <!-- LevelWindow -->
  <event_variant class="MousePressEvent" name="StartAdjustLevelWindow">
    <attribute name="EventButton" value="RightMouseButton"/>
  </event_variant>
  <event_variant class="MouseReleaseEvent" name="EndLevelWindow">
    <attribute name="EventButton" value="RightMouseButton"/>
  </event_variant>
  <event_variant class="MouseMoveEvent" name="adjustlevelwindow">
    <attribute name="ButtonState" value="RightMouseButton"/>
  </event_variant>
</config>
