<config>
  <event_variant name="MovePointer" class="MouseMoveEvent" >
  </event_variant>
  <event_variant name="InitTranslation" class="MousePressEvent">
      <attribute name="EventButton" value="LeftMouseButton"/>
  </event_variant>
  <event_variant name="ObjectTranslation" class="MouseMoveEvent">
      <attribute name="ButtonState" value="LeftMouseButton"/>
  </event_variant>
  <event_variant name="EndTranslation" class="MouseReleaseEvent">
      <attribute name="EventButton" value="LeftMouseButton"/>
  </event_variant>
</config>
